SKU,SKU pai,Nome,Tipo,Descrição curta,Descrição,Categorias,Atributos,Imagem URL,ALT,Slug,Meta Title,Meta Description,Keywords
"CP-10-18S-AV,,Pistola de Sucção Convencional Avalon CP-10,simples,""Avalon CP-10. Uma pistola de sucção robusta e confiável com bico de 1.8 mm. Projetada para trabalhos gerais de pintura na indústria e marcenaria que exigem grande autonomia e desempenho constante."", ""<h1>Pistola de Sucção Convencional Avalon CP-10</h1>"
<p>A Avalon CP-10 é uma pistola de pintura de sistema convencional com alimentação por sucção, projetada para oferecer durabilidade e um desempenho confiável em uma ampla gama de aplicações. Equipada com um reservatório de alumínio de 1 litro, esta pistola permite trabalhar por mais tempo em grandes superfícies, como estruturas metálicas, grades ou painéis de madeira, sem a necessidade de recargas constantes.</p>
"<p><img src=""""http://34.227.82.81/wp-content/uploads/2025/08/avalon-cp10-front.jpg"""" alt=""""Pistola de sucção Avalon CP-10"""" /></p>"
<p>Seu bico de 1.8 mm é ideal para a aplicação de esmaltes, lacas, vernizes e revestimentos de viscosidade média, proporcionando um leque uniforme e uma boa velocidade de trabalho. A CP-10 é uma ferramenta de uso pesado, construída para suportar as exigências de ambientes industriais e de oficinas.</p>
<p>É uma pistola simples, fácil de manusear e de manter, que representa uma excelente opção para profissionais que buscam uma solução econômica e de grande capacidade para seus projetos de pintura geral.</p>
<p><strong>Pictogramas chave:</strong></p>
<ul>
  <li><strong>Técnicos:</strong> ::icon-diametro-boquilla:: ::icon-presion-trabajo:: ::icon-capacidad-deposito:: ::icon-tecnologia-convencional::</li>
  <li><strong>Aplicação:</strong> ::icon-multiuso:: ::icon-gran-superficie:: ::icon-rapidez-produccion::</li>
  <li><strong>Setores:</strong> ::icon-industrial:: ::icon-madera-mueble:: ::icon-diy-domestico::</li>
  <li><strong>EPP:</strong> ::icon-mascarilla:: ::icon-gafas-proteccion:: ::icon-guantes::</li>
</ul>
<h2>Especificações Técnicas</h2>
<table>
<thead>
<tr>
<th><strong>Especificação</strong></th>
<th><strong>Valor</strong></th>
</tr>
</thead>
<tbody>
<tr>
<td>Diâmetro do bico</td>
<td>1.8 mm</td>
</tr>
<tr>
<td>Pressão de trabalho</td>
<td>3.0 - 4.0 bar</td>
</tr>
<tr>
<td>Consumo de ar</td>
<td>~200-300 L/min</td>
</tr>
<tr>
<td>Capacidade do reservatório</td>
<td>1000 ml</td>
</tr>
<tr>
<td>Peso</td>
<td>~550 g</td>
</tr>
<tr>
<td>Tipo de alimentação</td>
<td>Sucção</td>
</tr>
<tr>
<td>Tecnologia de pulverização</td>
<td>Convencional</td>
</tr>
<tr>
<td>Material do corpo</td>
<td>Alumínio</td>
</tr>
<tr>
<td>Material da agulha/bico</td>
<td>Aço Inoxidável</td>
</tr>
<tr>
<td>Padrão de leque <em>(opcional)</em></td>
<td>180 - 250 mm</td>
</tr>
</tbody>
</table>
<h2>Acessórios e Compatibilidades</h2>
<ul>
  <li><strong>Inclui:</strong> Pistola, reservatório de alumínio de 1L, chave de serviço, escova de limpeza.</li>
  <li><strong>Opcionais/compatíveis:</strong>
    <ul><li>Kits de reposição de agulha e bico.</li><li>Regulador de pressão.</li></ul>
  </li>
  <li><strong>Compatibilidades especiais:</strong> Não se aplica.</li>
</ul>
<h2>Perguntas Frequentes</h2>
<ul>
  <li><strong>Para que tipo de trabalhos esta pistola é ideal?</strong> É perfeita para pintar grandes superfícies como portas, grades, máquinas ou móveis, onde se necessita uma grande quantidade de tinta e não se requer um acabamento automotivo.</li>
  <li><strong>Posso usá-la com tintas espessas?</strong> O bico de 1.8 mm permite o uso de esmaltes e vernizes de viscosidade média. Para produtos muito espessos seria necessária uma pistola com um bico de maior diâmetro.</li>
  <li><strong>Que compressor eu preciso?</strong> Recomenda-se um compressor com um tanque de pelo menos 50 litros e vazão de ar de 250 L/min ou superior.</li>
  <li><strong>É difícil de limpar?</strong> Por ser uma pistola de sucção, é necessário limpar o reservatório e o tubo de sucção, além dos condutos internos da pistola. Seu design simples facilita esse processo.</li>
"</ul>"",Pistolas Avalon,,http://34.227.82.81/wp-content/uploads/2025/08/avalon-cp10-front.jpg,Pistola de sucção Avalon CP-10,/produtos/avalon-cp10-pistola-succao-convencional,""Pistola de Sucção Avalon CP-10 | 1 Litro | Pintura Geral"",""Pistola de sucção convencional Avalon CP-10. Com reservatório de 1 litro e bico de 1.8 mm, é ideal para trabalhos de pintura gerais e de grandes superfícies."",""pistola de succao, pistola de reservatorio, avalon cp-10, pistola para esmalte, pistola para grades, pistola para madeira, pistola industrial, pistola 1 litro, pistola barata"""
"FR-301-AV,,Pistola de Gravidade para Fundos Avalon FR-301,simples,""Avalon FR-301. Pistola de gravidade robusta e confiável, projetada para a aplicação de produtos de alta viscosidade como primários, fundos e aparelhadores. A ferramenta ideal para a preparação de superfícies."",""<h1>Pistola de Gravidade para Fundos Avalon FR-301</h1>"
<p>A Avalon FR-301 é uma pistola de gravidade especializada, projetada para a aplicação eficiente de materiais de alta viscosidade. É a escolha perfeita para aplicar primários, fundos, base-coats e massas pulverizáveis de maneira rápida e uniforme, criando uma base ideal para o acabamento final. Seu design está focado na robustez e na funcionalidade, permitindo uma passagem de produto generosa para uma alta velocidade de trabalho.</p>
"<p><img src=""""http://34.227.82.81/wp-content/uploads/2025/08/avalon-fr301-front.jpg"""" alt=""""Pistola para fundos Avalon FR-301"""" /></p>"
<p>Construída para o trabalho duro da oficina, a FR-301 da Avalon é essencial para a fase de preparação de superfícies em qualquer funilaria ou indústria. Sua simplicidade de operação e facilidade de limpeza a tornam uma ferramenta muito prática para o dia a dia.</p>
<p>Com a Avalon FR-301, os profissionais podem conseguir uma camada de fundo consistente e bem nivelada, otimizando os tempos de trabalho e garantindo uma base de alta qualidade para as camadas subsequentes de pintura.</p>
<p><strong>Pictogramas chave:</strong></p>
<ul>
  <li><strong>Técnicos:</strong> ::icon-diametro-boquilla:: ::icon-presion-trabajo:: ::icon-consumo-aire:: ::icon-tecnologia-convencional::</li>
  <li><strong>Aplicação:</strong> ::icon-imprimaciones:: ::icon-alto-espesor:: ::icon-rapidez-produccion::</li>
  <li><strong>Setores:</strong> ::icon-automotriz:: ::icon-industrial:: ::icon-madera-mueble::</li>
  <li><strong>EPP:</strong> ::icon-mascarilla:: ::icon-gafas-proteccion:: ::icon-guantes:: ::icon-ventilacion::</li>
</ul>
<h2>Especificações Técnicas</h2>
<table>
<thead>
<tr>
<th><strong>Especificação</strong></th>
<th><strong>Valor</strong></th>
</tr>
</thead>
<tbody>
<tr>
<td>Diâmetro do bico</td>
<td>2.0 - 2.5 mm (típico)</td>
</tr>
<tr>
<td>Pressão de trabalho</td>
<td>3.0 - 5.0 bar</td>
</tr>
<tr>
<td>Consumo de ar</td>
<td>~250-350 L/min a 4.0 bar</td>
</tr>
<tr>
<td>Capacidade do reservatório</td>
<td>600 ml</td>
</tr>
<tr>
<td>Peso</td>
<td>~550 g</td>
</tr>
<tr>
<td>Tipo de alimentação</td>
<td>Gravidade</td>
</tr>
<tr>
<td>Tecnologia de pulverização</td>
<td>Convencional</td>
</tr>
<tr>
<td>Material do corpo</td>
<td>Alumínio</td>
</tr>
<tr>
<td>Material da agulha/bico</td>
<td>Aço Inoxidável</td>
</tr>
<tr>
<td>Padrão de leque <em>(opcional)</em></td>
<td>220 - 280 mm</td>
</tr>
</tbody>
</table>
<h2>Acessórios e Compatibilidades</h2>
<ul>
  <li><strong>Inclui:</strong> Pistola, reservatório de 600 ml, chave de serviço e escova de limpeza.</li>
  <li><strong>Opcionais/compatíveis:</strong>
    <ul><li>Kits de bico de reposição.</li><li>Regulador de pressão com manômetro.</li></ul>
  </li>
  <li><strong>Compatibilidades especiais:</strong> Não se aplica.</li>
</ul>
<h2>Perguntas Frequentes</h2>
<ul>
  <li><strong>É a mesma pistola que a Voylet FR-301?</strong> Elas compartilham o mesmo design e funcionalidade, oferecendo desempenho semelhante. A escolha entre uma ou outra pode depender da preferência de marca ou da disponibilidade.</li>
  <li><strong>Posso usá-la para verniz?</strong> Não é recomendável. Seu design é para produtos espessos e não proporciona a atomização fina necessária para vernizes e acabamentos.</li>
  <li><strong>Que manutenção precisa?</strong> Limpeza imediata e completa após cada uso, especialmente quando se usam massas. Desmonte o bico e a agulha para evitar obstruções.</li>
  <li><strong>Que compressor se recomenda?</strong> Um compressor com reservatório de pelo menos 50-100 litros e vazão de ar superior a 300 L/min para um desempenho ideal.</li>
"</ul>"",Pistolas Avalon,,http://34.227.82.81/wp-content/uploads/2025/08/avalon-fr301-front.jpg,Pistola para fundos Avalon FR-301,/produtos/avalon-fr301-pistola-fundos-aparelhadores,""Pistola para Fundos e Aparelhadores Avalon FR-301 | Alta Viscosidade"",""Pistola de gravidade Avalon FR-301, especialista em fundos e aparelhadores. Aplica produtos de alta viscosidade com rapidez, uniformidade e confiabilidade."",""pistola para aparelhador, pistola para fundos, pistola para primer, avalon fr-301, pistola alta viscosidade, pistola para massa, pistola para primer, funilaria, pintura automotiva"""
"avalon-mz472-ar-direto,,Pistola de Ar Direto Avalon MZ-472,variável,""Pistola de ar direto Avalon MZ-472 com versões de gravidade e sucção. Ideal para trabalhos gerais de pintura e manutenção graças à sua simplicidade, confiabilidade e baixo custo."",""<h1>Pistola de Ar Direto Avalon MZ-472</h1>"
<p>A pistola de ar direto Avalon MZ-472 é uma ferramenta versátil projetada para aplicações de pintura e manutenção onde a simplicidade e a economia são prioritárias. Seu design robusto e leve a torna uma aliada perfeita tanto para profissionais quanto para amadores que buscam uma pistola fácil de operar e manter. Disponível nas versões de gravidade (C) e sucção (B), permite adaptar-se a diferentes estilos de trabalho e necessidades de alimentação de produto.</p>
"<p><img src=""""http://34.227.82.81/wp-content/uploads/2025/08/avalon-mz472-front.jpg"""" alt=""""Pistola de ar direto Avalon MZ-472"""" /></p>"
<p>O corpo de alumínio anodizado garante uma boa resistência ao desgaste, enquanto o bico de 1,5 mm oferece um leque uniforme adequado para esmaltes sintéticos, tintas acrílicas e vernizes de viscosidade média. Para trabalhos com produtos mais densos, pode-se optar por um bico de 2,0 mm (kit opcional). A pressão de trabalho recomendada situa-se entre 3 e 4 bar com um consumo moderado de ar, sendo compatível com compressores de médio porte.</p>
<p>Graças ao seu gatilho de curso suave e aos seus comandos de regulagem ergonômicos, a MZ-472 permite ajustar o fluxo e o padrão de leque com facilidade. É ideal para oficinas, funilarias, marcenarias e projetos domésticos de manutenção e acabamento.</p>
<p><strong>Pictogramas chave:</strong></p>
<ul>
  <li><strong>Técnicos:</strong> ::icon-presion-trabajo:: ::icon-consumo-aire:: ::icon-material-deposito:: ::icon-tecnologia-convencional::</li>
  <li><strong>Aplicação:</strong> ::icon-multiuso:: ::icon-retoque-detalle:: ::icon-alto-espesor::</li>
  <li><strong>Setores:</strong> ::icon-automotriz:: ::icon-madera-mueble:: ::icon-diy-domestico::</li>
  <li><strong>EPP:</strong> ::icon-mascarilla:: ::icon-gafas-proteccion:: ::icon-guantes::</li>
</ul>
<h2>Especificações Técnicas</h2>
<table>
<thead>
<tr>
<th><strong>Especificação</strong></th>
<th><strong>Valor</strong></th>
</tr>
</thead>
<tbody>
<tr>
<td>Diâmetro do bico</td>
<td>1,5 mm (opcional 2,0 mm)</td>
</tr>
<tr>
<td>Pressão de trabalho</td>
<td>3 – 4 bar</td>
</tr>
<tr>
<td>Consumo de ar</td>
<td>~200 L/min</td>
</tr>
<tr>
<td>Capacidade do depósito</td>
<td>600 ml (versão gravidade)</td>
</tr>
<tr>
<td>Peso</td>
<td>~650 g</td>
</tr>
<tr>
<td>Tipo de alimentação</td>
<td>Gravidade (C) / Sucção (B)</td>
</tr>
<tr>
<td>Tecnologia de pulverização</td>
<td>Convencional (ar direto)</td>
</tr>
<tr>
<td>Material do corpo</td>
<td>Alumínio anodizado</td>
</tr>
<tr>
<td>Material da agulha/bico</td>
<td>Aço inoxidável</td>
</tr>
<tr>
<td>Padrão de leque</td>
<td>Ajustável</td>
</tr>
</tbody>
</table>
<h2>Acessórios e Compatibilidades</h2>
<ul>
  <li><strong>Inclui:</strong> Pistola, bico de 1,5 mm instalado, depósito de 600 ml (na versão gravidade) ou tubo de sucção (na versão sucção), chave de desmontagem e filtro.</li>
  <li><strong>Opcionais/compatíveis:</strong>
    <ul><li>Bico de 2,0 mm – Para aplicar produtos de maior viscosidade.</li><li>Kit de manutenção – Com juntas, agulha e sede sobressalentes.</li><li>Depósitos de diferentes volumes – 250 ml e 1000 ml para gravidade.</li><li>Filtros de linha e reguladores de pressão – Para garantir ar limpo e constante.</li></ul>
  </li>
"  <li><strong>Compatibilidade:</strong> Adaptável a compressores de 1,5 CV em diante; recomenda-se mangueira de ar com conector 1/4"".</li>"
</ul>
<h2>Perguntas Frequentes</h2>
<ul>
  <li><strong>Quais são as diferenças entre a versão de gravidade e a de sucção?</strong> A versão de gravidade (C) utiliza um depósito superior de 600 ml, ideal para a maioria dos trabalhos. A versão de sucção (B) tem um depósito inferior que é conveniente quando se deseja trabalhar em ângulos elevados ou com recipientes maiores.</li>
  <li><strong>Que compressor é necessário para a MZ-472?</strong> Recomenda-se um compressor de pelo menos 1,5 CV que forneça um fluxo mínimo de 200 L/min para um funcionamento ótimo a 3 bar.</li>
  <li><strong>Como limpar a pistola após o uso?</strong> Depois de cada sessão, esvazie o depósito, encha com o solvente adequado e pulverize até que o líquido saia limpo. Desmonte o bico e a agulha para eliminar resíduos de tinta com uma escova macia.</li>
"  <li><strong>Quais bicos são compatíveis com este modelo?</strong> Além do bico padrão de 1,5 mm, está disponível um bico de 2,0 mm para produtos mais espessos; ambos utilizam a mesma agulha, mas podem ser adquiridos em kit.</li>"
  <li><strong>É adequada para esmaltes à base de água?</strong> Sim, desde que se utilize o bico correto e se faça uma limpeza exaustiva após o uso para evitar corrosão.</li>
"</ul>"",Pistolas Avalon,,http://34.227.82.81/wp-content/uploads/2025/08/avalon-mz472-front.jpg,Pistola de ar direto Avalon MZ-472,/produtos/avalon-mz472-pistola-ar-direto,""Pistola de Ar Direto Avalon MZ-472 (Gravidade e Sucção)"",""Pistola de ar direto Avalon MZ-472. Ferramenta robusta, confiável e econômica para trabalhos gerais. Disponível em gravidade (C) e sucção (B)."",""pistola de ar direto, pistola de pintar barata, avalon mz-472, pistola para esmalte, pistola de bricolagem, pistola de manutenção, pistola de gravidade, pistola de sucção, avalon"""
"MZ-472C-AV,avalon-mz472-ar-direto,MZ-472 - gravidade,variação,,,,Tipo de alimentação: Gravidade; Diâmetro do bico: 1.5 mm; Aplicação principal: Pintura geral e manutenção; Tipo de tecnologia: Convencional,,,,,,"
"MZ-472B-AV,avalon-mz472-ar-direto,MZ-472 - sucção,variação,,,,Tipo de alimentação: Sucção; Diâmetro do bico: 1.5 mm; Aplicação principal: Pintura geral e manutenção; Tipo de tecnologia: Convencional,,,,,,"
"avalon-h827-h2000-hvlp,,Pistolas de Pintura HVLP Avalon H-2000 e H-827,variável,""Série de pistolas HVLP Avalon. A H-827 é uma pistola universal para acabamentos e primários, enquanto a H-2000 é uma mini pistola de precisão para retoques. Ambas oferecem uma excelente relação custo-benefício."",""<h1>Pistolas de Pintura HVLP Avalon H-2000 e H-827</h1>"
<p>A gama HVLP da Avalon, com os modelos H-827 e H-2000, oferece soluções eficientes e econômicas para a oficina. Ambas as pistolas utilizam a tecnologia HVLP (Alto Volume, Baixa Pressão) para garantir uma alta taxa de transferência de tinta, o que se traduz em uma economia de material e uma menor névoa no ambiente de trabalho.</p>
"<p><img src=""""http://34.227.82.81/wp-content/uploads/2025/08/avalon-h827-front.jpg"""" alt=""""Pistola HVLP Avalon H-827"""" /></p>"
"<p>O modelo H-827 é uma pistola de tamanho padrão, versátil e polivalente. Com vários bicos disponíveis, é uma verdadeira \""pau para toda obra\"", capaz de aplicar com bons resultados desde primários e aparelhadores até bases de cor e vernizes. É a pistola de trabalho ideal para quem busca confiabilidade e um bom acabamento geral.</p>"
"<p>O modelo H-2000 é uma mini pistola de retoques, projetada para a precisão. Seu tamanho compacto e leve a torna perfeita para \""spot repair\"", pintura de peças pequenas, motocicletas ou áreas de difícil acesso, oferecendo um controle excepcional para os detalhes mais finos.</p>"
<p><strong>Pictogramas chave:</strong></p>
<ul>
  <li><strong>Técnicos:</strong> ::icon-diametro-boquilla:: ::icon-presion-trabajo:: ::icon-consumo-aire:: ::icon-tecnologia-hvlp::</li>
  <li><strong>Aplicação:</strong> ::icon-acabados:: ::icon-imprimaciones:: ::icon-retoque-detalle:: ::icon-multiuso::</li>
  <li><strong>Setores:</strong> ::icon-automotriz:: ::icon-industrial:: ::icon-madera-mueble:: ::icon-diy-domestico::</li>
  <li><strong>EPP:</strong> ::icon-mascarilla:: ::icon-gafas-proteccion:: ::icon-guantes::</li>
</ul>
<h2>Especificações Técnicas</h2>
<table>
<thead>
<tr>
<th><strong>Especificação</strong></th>
<th><strong>H-827 (Universal)</strong></th>
<th><strong>H-2000 (Retoques)</strong></th>
</tr>
</thead>
<tbody>
<tr>
<td>Diâmetro do bico</td>
<td>1.4, 1.7 mm</td>
<td>1.0 mm</td>
</tr>
<tr>
<td>Pressão de trabalho</td>
<td>2.0 - 3.0 bar</td>
<td>1.5 - 2.5 bar</td>
</tr>
<tr>
<td>Consumo de ar</td>
<td>~230 L/min</td>
<td>~120 L/min</td>
</tr>
<tr>
<td>Capacidade do depósito</td>
<td>650 ml</td>
<td>125 ml</td>
</tr>
<tr>
<td>Peso</td>
<td>~540 g</td>
<td>~250 g</td>
</tr>
<tr>
<td>Tipo de alimentação</td>
<td>Gravidade</td>
<td>Gravidade</td>
</tr>
<tr>
<td>Tecnologia de pulverização</td>
<td>HVLP</td>
<td>HVLP</td>
</tr>
<tr>
<td>Material do corpo</td>
<td>Alumínio</td>
<td>Alumínio</td>
</tr>
<tr>
<td>Material da agulha/bico</td>
<td>Aço Inoxidável</td>
<td>Aço Inoxidável</td>
</tr>
</tbody>
</table>
<h2>Acessórios e Compatibilidades</h2>
<ul>
  <li><strong>Inclui:</strong> Pistola, depósito, chave de serviço, escova de limpeza.</li>
  <li><strong>Opcionais/compatíveis:</strong>
    <ul><li>Kits de bico de reposição para ambos os modelos.</li><li>Regulador de pressão.</li></ul>
  </li>
  <li><strong>Compatibilidades especiais:</strong> Não se aplica.</li>
</ul>
<h2>Perguntas Frequentes</h2>
<ul>
  <li><strong>Qual devo escolher, a H-827 ou a H-2000?</strong> Depende do seu trabalho principal. Se precisa de uma pistola para todo tipo de uso, escolha a H-827. Se seu trabalho se concentra em reparos pequenos e detalhes, a H-2000 é a ferramenta adequada.</li>
  <li><strong>São pistolas para uso profissional?</strong> Oferecem um desempenho excelente para seu preço e são uma opção muito popular em oficinas profissionais como pistolas de batalha ou para tarefas específicas.</li>
  <li><strong>O que significa HVLP?</strong> Alto Volume, Baixa Pressão. É uma tecnologia que utiliza um maior volume de ar a uma pressão mais baixa para pulverizar a tinta, o que resulta em menos névoa e mais tinta sobre a peça.</li>
  <li><strong>São difíceis de limpar?</strong> Não, seu design é simples e permite uma desmontagem rápida para uma limpeza correta.</li>
"</ul>"",Pistolas Avalon,,http://34.227.82.81/wp-content/uploads/2025/08/avalon-h827-front.jpg,Pistola HVLP Avalon H-827,/produtos/avalon-h827-h2000-pistolas-hvlp,""Pistolas HVLP Avalon H-827 (Universal) e H-2000 (Retoques)"",""Descubra a gama HVLP da Avalon. A H-827 para trabalhos gerais e a H-2000 para retoques de precisão. Eficiência e qualidade a um preço excelente."",""pistola hvlp, avalon h-827, avalon h-2000, pistola para carro, pistola para madeira, pistola de retoque, pistola barata, pistola para aparelhador, pistola para verniz, avalon"""
"H-2000-10G-AV,avalon-h827-h2000-hvlp,H-2000 - bico 1,0 mm,variação,,,,Tipo de alimentação: Gravidade; Diâmetro do bico: 1.0 mm; Aplicação principal: Retoques de precisão; Tipo de tecnologia: HVLP,,,,,,"
"H-827-14G-AV,avalon-h827-h2000-hvlp,H-827 - bico 1,4 mm,variação,,,,Tipo de alimentação: Gravidade; Diâmetro do bico: 1.4 mm; Aplicação principal: Acabamentos gerais; Tipo de tecnologia: HVLP,,,,,,"
"H-827-17G-AV,avalon-h827-h2000-hvlp,H-827 - bico 1,7 mm,variação,,,,Tipo de alimentação: Gravidade; Diâmetro do bico: 1.7 mm; Aplicação principal: Acabamentos gerais; Tipo de tecnologia: HVLP,,,,,,"
"avalon-s990-convencional,,Pistola de Pintura Convencional Avalon S-990,variável,""Avalon S-990. Pistola de pintura de sistema convencional, robusta e de alta velocidade. Disponível nas versões de gravidade (S-990G) e sucção (S-990S) para trabalhos gerais de pintura, primários e fundos."",""<h1>Pistola de Pintura Convencional Avalon S-990</h1>"
<p>A Avalon S-990 é uma pistola de pintura de concepção clássica, que utiliza um sistema convencional de alta pressão para obter uma excelente atomização e grande velocidade de trabalho. É a ferramenta ideal para pintores que buscam rapidez e um bom acabamento na aplicação de produtos de média e baixa tecnologia, como primários, aparelhadores, esmaltes sintéticos e lacas.</p>
"<p><img src=""""http://34.227.82.81/wp-content/uploads/2025/08/avalon-s990g-front.jpg"""" alt=""""Pistola de pintura Avalon S-990 (gravidade)"""" /></p>"
<p>Disponível em duas versões, a S-990G de alimentação por gravidade é leve e manejável, enquanto a S-990S de alimentação por sucção oferece uma grande autonomia graças ao seu depósito de 1 litro, ideal para superfícies maiores. Seu corpo injetado com tratamento eletroquímico lhe proporciona uma boa durabilidade e resistência, e seu design simples facilita enormemente a limpeza e a manutenção.</p>
<p>A Avalon S-990 é uma escolha confiável e econômica para oficinas de metalomecânica, marcenaria e para profissionais que necessitam de uma pistola de batalha para o dia a dia.</p>
<p><strong>Pictogramas chave:</strong></p>
<ul>
  <li><strong>Técnicos:</strong> ::icon-diametro-boquilla:: ::icon-presion-trabajo:: ::icon-consumo-aire:: ::icon-tecnologia-convencional::</li>
  <li><strong>Aplicação:</strong> ::icon-imprimaciones:: ::icon-multiuso:: ::icon-rapidez-produccion::</li>
  <li><strong>Setores:</strong> ::icon-industrial:: ::icon-madera-mueble:: ::icon-diy-domestico::</li>
  <li><strong>EPP:</strong> ::icon-mascarilla:: ::icon-gafas-proteccion:: ::icon-guantes::</li>
</ul>
<h2>Especificações Técnicas</h2>
<table>
<thead>
<tr>
<th><strong>Especificação</strong></th>
<th><strong>S-990G (Gravidade)</strong></th>
<th><strong>S-990S (Sucção)</strong></th>
</tr>
</thead>
<tbody>
<tr>
<td>Diâmetro do bico</td>
<td>1.5, 1.8 mm</td>
<td>1.5, 1.8 mm</td>
</tr>
<tr>
<td>Pressão de trabalho</td>
<td>3.0 - 4.0 bar</td>
<td>3.0 - 4.5 bar</td>
</tr>
<tr>
<td>Consumo de ar</td>
<td>~170 L/min</td>
<td>~200 L/min</td>
</tr>
<tr>
<td>Capacidade do depósito</td>
<td>650 ml</td>
<td>1000 ml</td>
</tr>
<tr>
<td>Peso</td>
<td>~370 g</td>
<td>~550 g</td>
</tr>
<tr>
<td>Tipo de alimentação</td>
<td>Gravidade</td>
<td>Sucção</td>
</tr>
<tr>
<td>Tecnologia de pulverização</td>
<td>Convencional</td>
<td>Convencional</td>
</tr>
<tr>
<td>Material do corpo</td>
<td>Alumínio Injetado</td>
<td>Alumínio Injetado</td>
</tr>
<tr>
<td>Material da agulha/bico</td>
<td>Aço Inoxidável / Alumínio</td>
<td>Aço Inoxidável / Alumínio</td>
</tr>
</tbody>
</table>
<h2>Acessórios e Compatibilidades</h2>
<ul>
  <li><strong>Inclui:</strong> Pistola, depósito, chave de serviço, escova de limpeza.</li>
  <li><strong>Opcionais/compatíveis:</strong>
    <ul><li>Kits de bico de reposição (1.5 e 1.8 mm).</li><li>Regulador de pressão.</li></ul>
  </li>
  <li><strong>Compatibilidades especiais:</strong> Não se aplica.</li>
</ul>
<h2>Perguntas Frequentes</h2>
<ul>
  <li><strong>Qual é a principal vantagem desta pistola?</strong> Sua principal vantagem é a velocidade de aplicação. É ideal para cobrir grandes superfícies rapidamente com produtos como primários ou esmaltes.</li>
  <li><strong>Gravidade ou sucção? Qual devo escolher?</strong> A de gravidade (S-990G) é mais leve e fácil de manusear para trabalhos variados. A de sucção (S-990S) é melhor para pintar grandes áreas sem parar para recarregar.</li>
  <li><strong>É uma pistola HVLP?</strong> Não, é uma pistola convencional. Isso significa que trabalha a uma pressão mais alta e pode gerar mais névoa que uma pistola HVLP.</li>
  <li><strong>Posso pintar paredes com ela?</strong> Não é a ferramenta mais adequada para pintar paredes. Para isso, são melhores os rolos ou os equipamentos airless.</li>
"</ul>"",Pistolas Avalon,,http://34.227.82.81/wp-content/uploads/2025/08/avalon-s990g-front.jpg,""Pistola de pintura Avalon S-990 (gravidade)"",/produtos/avalon-s990-pistola-convencional,""Pistola de Pintura Convencional Avalon S-990 (Gravidade/Sucção)"",""Pistola de pintura convencional Avalon S-990. Rápida, robusta e econômica. Disponível em gravidade e sucção para todo tipo de trabalhos gerais."",""pistola convencional, pistola de alta pressao, avalon s-990, pistola para primer, pistola para fundo, pistola de pintar barata, pistola de oficina, pistola de succao, avalon"""
"S-990-15G-AV,avalon-s990-convencional,S-990G - bico 1,5 mm,variação,,,,Tipo de alimentação: Gravidade; Diâmetro do bico: 1.5 mm; Aplicação principal: Pintura geral e primários; Tipo de tecnologia: Convencional,,,,,,"
"S-990-15S-AV,avalon-s990-convencional,S-990S - bico 1,5 mm,variação,,,,Tipo de alimentação: Sucção; Diâmetro do bico: 1.5 mm; Aplicação principal: Pintura geral e primários; Tipo de tecnologia: Convencional,,,,,,"
"S-990-18G-AV,avalon-s990-convencional,S-990G - bico 1,8 mm,variação,,,,Tipo de alimentação: Gravidade; Diâmetro do bico: 1.8 mm; Aplicação principal: Pintura geral e primários; Tipo de tecnologia: Convencional,,,,,,"
"avalon-w101-w71-pressao,,Pistolas de Pressão Industriais Avalon W-101 e W-71,variável,""Série de pistolas de pressão Avalon. Os modelos W-101 e W-71 são ferramentas industriais robustas e compactas concebidas para alimentação contínua a partir de um tanque de pressão."",""<h1>Pistolas de Pressão Industriais Avalon W-101 e W-71</h1>"
<p>As pistolas de pressão Avalon <strong>W-101</strong> e <strong>W-71</strong> são a escolha clássica para aplicações industriais que exigem um acabamento de alta qualidade e um fluxo de trabalho contínuo. Ao serem alimentadas a partir de um tanque de pressão ou de uma bomba, estas pistolas garantem total consistência na aplicação, sem as variações que podem ocorrer com depósitos de gravidade ou sucção. São ideais para linhas de produção, pintura de grandes séries de peças ou qualquer situação em que a uniformidade do acabamento seja crítica.</p>
"<p><img src=""""http://34.227.82.81/wp-content/uploads/2025/08/avalon-w101-pressure-front-01.jpg"""" alt=""""Pistola de pressão industrial Avalon W-101"""" /></p>"
<p>O modelo <strong>W-101</strong> é conhecido pela excelente atomização e versatilidade, sendo um padrão na indústria de móveis e metal para a aplicação de lacas, esmaltes e vernizes. Já o modelo <strong>W-71</strong> é uma versão ainda mais compacta e leve, perfeita para trabalhos em áreas de difícil acesso ou em peças menores, sem sacrificar a qualidade do acabamento.</p>
<p>Ambas as pistolas são apreciadas pela durabilidade, design ergonómico e facilidade de manutenção, representando um investimento seguro para qualquer profissional que busque controlo e qualidade superior no acabamento.</p>
<p><strong>Pictogramas chave</strong></p>
<ul>
  <li><strong>Técnicos:</strong> ::icon-diametro-boquilla::, ::icon-presion-trabajo::, ::icon-consumo-aire::, ::icon-tecnologia-convencional::</li>
  <li><strong>Aplicação:</strong> ::icon-acabados::, ::icon-rapidez-produccion::, ::icon-industrial::</li>
  <li><strong>Sectores:</strong> ::icon-madera-mueble::, ::icon-industrial::, ::icon-automotriz::</li>
  <li><strong>EPI:</strong> ::icon-mascarilla:: ::icon-gafas-proteccion:: ::icon-guantes::</li>
</ul>
<h2>Especificações Técnicas</h2>
<table>
<thead>
<tr>
<th><strong>Especificação</strong></th>
<th><strong>W-101</strong></th>
<th><strong>W-71</strong></th>
</tr>
</thead>
<tbody>
<tr>
<td><strong>Diâmetro do bico</strong></td>
<td>1,3 mm (típico)</td>
<td>1,3 mm (típico)</td>
</tr>
<tr>
<td><strong>Pressão de trabalho</strong></td>
<td>2,5 – 3,5 bar</td>
<td>2,5 – 3,5 bar</td>
</tr>
<tr>
<td><strong>Consumo de ar</strong></td>
<td>~200–300 L/min</td>
<td>~180–280 L/min</td>
</tr>
<tr>
<td><strong>Capacidade do depósito</strong></td>
<td>N/A (alimentação por pressão)</td>
<td>N/A (alimentação por pressão)</td>
</tr>
<tr>
<td><strong>Peso</strong></td>
<td>~350 g</td>
<td>~320 g</td>
</tr>
<tr>
<td><strong>Tipo de alimentação</strong></td>
<td>Pressão</td>
<td>Pressão</td>
</tr>
<tr>
<td><strong>Tecnologia de pulverização</strong></td>
<td>Convencional</td>
<td>Convencional</td>
</tr>
<tr>
<td><strong>Material do corpo</strong></td>
<td>Alumínio cromado</td>
<td>Alumínio cromado</td>
</tr>
<tr>
<td><strong>Material da agulha/bico</strong></td>
<td>Aço inoxidável</td>
<td>Aço inoxidável</td>
</tr>
</tbody>
</table>
<h2>Acessórios e Compatibilidades</h2>
<ul>
  <li><strong>Inclui:</strong> pistola, chave de serviço e escova de limpeza.</li>
  <li><strong>Opcionais/compatíveis:</strong>
    <ul><li><em>Mangueiras de ar e produto</em> de alta qualidade.</li><li><em>Tanques de pressão</em> de diferentes capacidades (2 L, 5 L, 10 L).</li><li><em>Kits de bicos</em> para diferentes viscosidades.</li></ul>
  </li>
  <li><strong>Compatibilidades especiais:</strong> perfeitamente integráveis em sistemas de pintura com bombas de membrana ou pistão.</li>
</ul>
<h2>Perguntas Frequentes</h2>
<ul>
  <li><strong>O que preciso para usar uma pistola de pressão?</strong> Você precisará de uma fonte de tinta pressurizada, geralmente um tanque de pressão, além de um compressor de ar. Também serão necessárias duas mangueiras: uma para o ar e outra para o produto.</li>
  <li><strong>Qual é a vantagem de uma pistola de pressão?</strong> Oferece um fluxo de tinta constante e ininterrupto, ideal para grandes superfícies e para garantir a máxima consistência na cor e no acabamento. Além disso, a pistola é mais leve por não ter depósito.</li>
  <li><strong>W-101 ou W-71?</strong> A W-101 é o padrão da indústria para um desempenho geral de alta qualidade. A W-71 é preferível se precisar de uma pistola menor e mais leve para detalhes ou áreas confinadas.</li>
"  <li><strong>São difíceis de limpar?</strong> A limpeza envolve purgar as mangueiras e limpar a pistola internamente; é um processo padrão em sistemas de pintura por pressão.</li>"
"</ul>"",Pistolas Avalon,,http://34.227.82.81/wp-content/uploads/2025/08/avalon-w101-pressure-front-01.jpg,Pistola de pressão industrial Avalon W-101,/produtos/avalon-w101-w71-pistolas-pressao-industrial,""Pistolas de Pressão Industriais Avalon W_101 e W_71"",""Pistolas de pressão Avalon W_101 e W_71. A escolha profissional para acabamentos de alta qualidade na indústria e na marcenaria. Desempenho e fiabilidade."",""pistola de pressão, pistola industrial, avalon w_101, avalon w_71, pistola para laca, pistola para verniz, pintura de móveis, acabamento industrial, pistola para tanque de pressão, avalon"""
"W-101-13P-AV,avalon-w101-w71-pressao,W-101 - bico 1,3 mm,variação,,,,Tipo de alimentação: Pressão; Diâmetro do bico: 1.3 mm; Aplicação principal: Acabamentos industriais; Tipo de tecnologia: Convencional,,,,,,"
"W-71-13P-AV,avalon-w101-w71-pressao,W-71 - bico 1,3 mm,variação,,,,Tipo de alimentação: Pressão; Diâmetro do bico: 1.3 mm; Aplicação principal: Acabamentos industriais (detalhes); Tipo de tecnologia: Convencional,,,,,,"